JobID,Title,Company,State,Location,Salary,Remote,ExperienceLevel,WorkType
3813645405,Data Analyst,Tenazx Inc,NY,"Queens, NY",,No,,Contract
3872787865,eCommerce Data Analyst,Radiant Systems Inc,Remote/Nationwide,United States,,Yes,,Contract
3884432522,Wealth Management Business Data Analyst,MCubeSoft,NC,"Charlotte, NC",,No,,Full-time
3884434978,"Senior Data Analyst - AI Training (Remote, Contract)",Outlier,Remote/Nationwide,United States,114400.0,Yes,Mid-Senior level,Contract
3884438958,Onsite Data Analyst || USC ONLY || FL LOCALS,USCTEK - Recruiting & Staffing,FL,"Jacksonville, FL",,No,,Contract
3884439454,Sr. Procurement Data Analyst,Republic Services,AZ,"Phoenix, AZ",,No,,Full-time
3884441052,Design Data Analyst,A.G. KUNZ LLC,CA,"San Francisco, CA",,No,,Full-time
3884441553,Data Analyst - Expert with Excel,OpTech,MI,"Auburn Hills, MI",80080.0,No,Mid-Senior level,Contract
3884446629,Legal Data Analyst (Dallas/Chicago),CBRE,IL,"Chicago, IL",,No,Associate,Full-time
3884808777,Crash Data Analyst,Maricopa County,AZ,"Phoenix, AZ",,No,Entry level,Full-time
3884819737,Data Analyst,Acro Service Corp,FL,"Orlando, FL",83200.0,No,Mid-Senior level,Contract
3884822884,Research Data Analyst 1 (75% FTE/Hybrid Opportunity),Stanford University,CA,"Stanford, CA",60555.0,No,Mid-Senior level,Part-time
3884847999,Data Analyst (Korean),Lightcast,Remote/Nationwide,United States,,Yes,Entry level,Contract
3884850836,Data Analyst (Chinese),Lightcast,Remote/Nationwide,United States,,Yes,Entry level,Contract
3884850852,Data Analyst (Japanese),Lightcast,Remote/Nationwide,United States,,Yes,Entry level,Contract
3885102764,Data Analyst-VA,ATC,Other,"Virginia, United States",,No,Entry level,Full-time
3885103769,Data Analyst-WA,ATC,Other,"Washington, United States",,No,Entry level,Full-time
3885104538,Data Analyst-IL,ATC,Other,"Illinois, United States",,No,Entry level,Full-time
3885106434,Data Analyst-CA,ATC,Other,"California, United States",,No,Entry level,Full-time
3885106436,Data Analyst-Tx,ATC,Other,"Texas, United States",,No,Entry level,Full-time
3885109052,Data Analyst-NY,ATC,Other,"New York, United States",,No,Entry level,Full-time
3885109955,Data Analyst/Data Science/NLP (Intern apr 30) DIN01,Data Glacier,Remote/Nationwide,United States,,Yes,,Internship
3885113214,Data Analyst - Power BI & SQL,ZealTech,CA,"San Francisco, CA",,No,,Contract
3885807866,Data Analyst II,FedEx Logistics,TN,"La Vergne, TN",,No,,Full-time
3885811837,"Retail Data Analyst | Hybrid - Aurora, IL",Old Second National Bank,IL,"Aurora, IL",,No,Associate,Full-time
3886212562,AWS Data Analyst,InterEx Group,IL,"Aurora, IL",,No,Mid-Senior level,Contract
3886477578,Data analyst with marketing analytics exp. (1039812),The Judge Group,CA,"San Francisco, CA",110240.0,No,Entry level,Contract
3886482728,Data Analyst,Infocepts Inc,TX,"Texas City, TX",,No,,Full-time
3886482903,Data Analyst,,OH,"Etna, OH",55000.0,Yes,,Part-time
3886877947,Data Analyst-CA,ATC,Other,"California, United States",,No,Entry level,Full-time
3886877951,Data Analyst-IL,ATC,Other,"Illinois, United States",,No,Entry level,Full-time
3886879480,Data Analyst-VA,ATC,Other,"Virginia, United States",,No,Entry level,Full-time
3886879484,Data Analyst-NY,ATC,Other,"New York, United States",,No,Entry level,Full-time
3886882309,Data Analyst-Tx,ATC,Other,"Texas, United States",,No,Entry level,Full-time
3886883127,Data Analyst-WA,ATC,Other,"Washington, United States",,No,Entry level,Full-time
3886885615,Data Analyst,Insight Global,Remote/Nationwide,United States,,Yes,Associate,Contract
3886895303,Data Analyst,Insight Global,Remote/Nationwide,United States,,Yes,Associate,Contract
3887103333,Data Analyst,EPITEC,FL,"Jacksonville, FL",78000.0,Yes,Mid-Senior level,Contract
3887107137,Income and Withholding Tax Data Analyst,Minnesota Department of Revenue,MN,"Minneapolis, MN",68328.0,No,Associate,Full-time
3887499080,Sales Data Analyst/Consultant,Athene,IA,"West Des Moines, IA",,No,Entry level,Full-time
3887499893,Business Data Analyst – Foreign Exchange,Silicon Valley Bank,NC,"Raleigh, NC",,No,,Full-time
3887718042,Office/Administration - Data Analyst Lv3 #: 24-02340,HireTalent - Diversity Staffing & Recruiting Firm,MN,"Wayzata, MN",,No,Mid-Senior level,Contract
3887719397,Domo Data Analyst (REMOTE),Talentify.io,Remote/Nationwide,United States,100000.0,Yes,Entry level,Full-time
3887833724,Data Analyst,Mindlance,TX,"Austin, TX",89440.0,No,Mid-Senior level,Contract
3887948207,Data Analyst 3,"Elegant Enterprise-Wide Solutions, Inc.",VA,"Chesterfield, VA",,No,Mid-Senior level,Contract
3888036167,Data Analyst,Lemon Tek,Remote/Nationwide,United States,,Yes,,Full-time
3888937935,Data Analyst,KACE Company,DC,"Washington, DC",,No,Entry level,Full-time
3888961649,"Data Analyst, Energy Efficiency (Hybrid)",Eversource Energy,CT,"Berlin, CT",91000.0,No,Entry level,Full-time
3889120272,Data Analyst,International Paper,IA,"Cedar Rapids, IA",141440.0,No,,Full-time
3889232447,"Data Analyst, Contact Center Analytics (Flex Home/Office)",Homesite Insurance,Other,Denver Metropolitan Area,,No,Entry level,Full-time
3889413788,Remote Data Analyst,Talentify.io,Remote/Nationwide,United States,,Yes,Entry level,Full-time
3889414779,Data Analyst -AITS (Hybrid/Remote),Talentify.io,Remote/Nationwide,United States,80000.0,Yes,Entry level,Full-time
3889414951,Data Analyst Supporting the FBI with Security Clearance,ClearanceJobs,MD,"Linthicum, MD",,No,Entry level,Full-time
3889415921,Senior Data Analyst/Assessor Level III with Security Clearance,ClearanceJobs,VA,"Arlington, VA",,No,Mid-Senior level,Full-time
3889417419,Data Analyst - Remote,Talentify.io,Remote/Nationwide,United States,137800.0,Yes,Entry level,Full-time
3889715419,Online Data Analyst,TELUS International AI Data Solutions,TX,"Houston, TX",,Yes,Entry level,Contract
3889718326,Online Data Analyst,TELUS International AI Data Solutions,TX,"San Antonio, TX",,Yes,Entry level,Contract
3889725871,Online Data Analyst,TELUS International AI Data Solutions,TX,"Eagle Pass, TX",,Yes,Entry level,Contract
3889732556,Online Data Analyst,TELUS International AI Data Solutions,TX,"Corpus Christi, TX",,Yes,Entry level,Contract
3889734996,Online Data Analyst,TELUS International AI Data Solutions,TX,"Frisco, TX",,Yes,Entry level,Contract
3889735920,Online Data Analyst,TELUS International AI Data Solutions,TX,"Plano, TX",,Yes,Entry level,Contract
3889737876,Online Data Analyst,TELUS International AI Data Solutions,TX,"Katy, TX",,Yes,Entry level,Contract
3889738868,Online Data Analyst,TELUS International AI Data Solutions,TX,"Killeen, TX",,Yes,Entry level,Contract
3889739033,Online Data Analyst,TELUS International AI Data Solutions,TX,"Waco, TX",,Yes,Entry level,Contract
3889756865,Data Analyst/Engineer Techno Functional Analyst (Jersey City) x2,Matlen Silver,Other,"New Jersey, United States",135200.0,No,,Contract
3890889494,Mental Health Parity Clinical Operational Data Analyst,WTW,MA,"Boston, MA",90000.0,No,Mid-Senior level,Full-time
3890889935,Data Analyst,DATAMETRICS SOFTWARE SYSTEMS INC.,NJ,"Newark, NJ",,No,,Contract
3890892407,Data Analyst,TalentBridge,Other,New York City Metropolitan Area,92560.0,No,Mid-Senior level,Contract
3890892477,Data Analyst,Equity Staffing Group,MN,"Eden Prairie, MN",112320.0,No,Associate,Contract
3890894244,Junior Data Analyst,UST,VA,"Norfolk, VA",,No,Associate,Full-time
3890895137,Senior Data Analyst,Akkodis,NY,"New York, NY",130000.0,No,Mid-Senior level,Temporary
3890896231,Lead Data Analyst,MatchPoint,Other,San Francisco Bay Area,,Yes,Associate,Contract
3891067775,Data Analyst,HCA Healthcare,Other,Nashville Metropolitan Area,,No,Mid-Senior level,Contract
3891069941,Data Analyst,InfoVision Inc.,Other,"South Dakota, United States",,No,Entry level,Contract
3891072371,Junior Data Analyst (Logistics),WalkWater Technologies,TX,"Austin, TX",,No,Mid-Senior level,Contract
3891072418,Systems/Data Analyst - SQL/ETL,Eliassen Group,NC,"Durham, NC",124800.0,No,Mid-Senior level,Contract
3891074608,Senior Data Analyst,Parallel,Remote/Nationwide,United States,,Yes,Mid-Senior level,Full-time
3891076521,Data Analyst,Optomi,Remote/Nationwide,United States,124800.0,Yes,Mid-Senior level,Contract
3891093340,"Data Analyst (Go-To-Market Team) - Hybrid / Atlanta, GA",Experity,GA,"Atlanta, GA",78950.0,Yes,Entry level,Full-time
3891267987,Data Analyst,Experis,OH,"New Albany, OH",87360.0,No,Entry level,Contract
3891267992,Financial Data Analyst,SkyWater Search Partners,MN,"St Cloud, MN",,No,Mid-Senior level,Full-time
3891276702,Senior Data Analyst - Ecommerce & Marketing,Ocado Group,MI,"Monroe, MI",,No,Mid-Senior level,Full-time
3894209906,Senior Data Analyst ,Tier4 Group,GA,"Atlanta, GA",,No,Mid-Senior level,Full-time
3894213012,Transportation Program Specialist/ Transportation Data Analyst,Federal Transit Administration,DC,"Washington, DC",,Yes,Entry level,Full-time
3894215500,Onsite job (Only W2 role) :: Data Analyst :: contract ,Visionary Innovative Technology Solutions LLC,Other,"Wichita, Kansas Metropolitan Area",,No,Associate,Contract
3894218328,Data Analyst,"Delta System & Software, Inc.",VA,"Chesterfield, VA",,No,Mid-Senior level,Contract
3894294473,Data Analyst I,Aditi Consulting,TX,"Austin, TX",,No,Mid-Senior level,Full-time
3894298512,Data Analyst 2,FedEx Logistics,TN,"La Vergne, TN",,No,,Full-time
3894544709,Senior Data Analyst,Capital One,VA,"McLean, VA",,No,Mid-Senior level,Full-time
3894548016,Senior Data Analyst,Capital One,VA,"Richmond, VA",,No,Mid-Senior level,Full-time
3894551518,Data Analyst,Tata Consultancy Services,WA,"Bellevue, WA",,No,Entry level,Full-time
3894844108,Medical Data Analyst / Programmer,Nippon Life Benefits,NY,"New York, NY",82500.0,No,,Full-time
3894875140,Data Analyst - Financial,Frost,TX,"San Antonio, TX",,No,Entry level,Full-time
3894950145,Data Analyst,Complete Staffing Solutions,GA,"Atlanta, GA",95000.0,No,Entry level,Full-time
3894954189,Senior Data Analyst,Educated Solutions Corp,TX,"Richardson, TX",,No,Associate,Full-time
3895208539,Senior Financial Data Analyst,"The GEO Group, Inc.",CO,"Boulder, CO",85000.0,No,Mid-Senior level,Full-time
3895215696,Data Analyst,Quantum World Technologies Inc.,Remote/Nationwide,United States,,Yes,Mid-Senior level,Contract
3895222147,Senior Data Analyst,bp,IL,"Chicago, IL",,No,Associate,Full-time
3895242027,Data Analyst,Coders Data,Other,New York City Metropolitan Area,,Yes,Entry level,Full-time
3895271816,Practice Group Senior Data Analyst,"Morgan, Lewis & Bockius LLP",PA,"Philadelphia, PA",,No,Mid-Senior level,Full-time
3895487876,Data Analyst,Community Foundation for a greater Richmond,VA,"Richmond, VA",,No,,Full-time
3895525688,"Senior/Lead Data Analyst, Finance & Strategy",Chime,CA,"San Francisco, CA",161000.0,No,Mid-Senior level,Full-time
3895540929,Credit Data Analyst 3 (Remote),Nordstrom,CO,"Centennial, CO",129750.0,Yes,Mid-Senior level,Full-time
3895542866,Credit Data Analyst 2 (Remote),Nordstrom,Remote/Nationwide,United States,110750.0,Yes,Mid-Senior level,Full-time
3895815353,Part-time Mentor - Data Analyst/Business Analyst (DABA),Interview Kickstart,Remote/Nationwide,United States,,Yes,Mid-Senior level,Part-time
3898155777,Data Analyst,Catapult Solutions Group,Other,Cincinnati Metropolitan Area,125000.0,No,Mid-Senior level,Full-time
3898157998,Data Analyst,"First Tek, Inc.",CA,"Los Angeles County, CA",,No,Associate,Contract
3898158374,Data Analyst,"TechGroup America ""TGA"" - A Software Development, Data Analytics and Digital IT Solutions Enterprise",CA,"Los Angeles, CA",,Yes,,Contract
3898158978,Data Management – Business Data Analyst,Softcom Systems Inc,TX,"Dallas, TX",,No,,Contract
3898160133,Data Analyst 1 - 10315,blueStone Staffing,Remote/Nationwide,United States,57200.0,Yes,Associate,Contract
3898160959,Snowflake Data Analyst,SysMind,NY,"New York, NY",,No,,Contract
3898161825,Business Data Analyst,Alpha Net,CA,"Fremont, CA",,No,,Contract
3898164926,Data Analyst,Vervent,CA,"San Diego, CA",69780.0,No,Associate,Full-time
3898165862,"Data Analyst, Medicare Sales & Retention",Healthfirst,NY,"New York, NY",,No,Entry level,Full-time
3898166023,Data Analyst,ektello,MI,"Warren, MI",62400.0,No,Entry level,Contract
3898166042,Data Analyst,STONE Resource Group,GA,"Roswell, GA",78000.0,No,Associate,Contract
3898167157,Business Data Analyst,Cypress HCM,Other,Los Angeles Metropolitan Area,,No,Associate,Contract
3898168987,Data Analyst,Intellectt Inc,CA,"Alameda, CA",,No,Mid-Senior level,Contract
3898170148,Senior Data Analyst,Stanley David and Associates,NC,"Charlotte, NC",,No,,Full-time
3898172866,Data Analyst II,Experis,CA,"Alameda, CA",,No,Entry level,Contract
3898173500,Senior Data Analyst - Alteryx ,truData Solutions,CA,"Santa Monica, CA",,Yes,Mid-Senior level,Contract
3898174074,Data Analyst,Lume Consulting Group,Other,Greater Sacramento,,No,,Contract
3898174637,Talent Management Consultant / Data Analyst,Experis,NJ,"Princeton, NJ",,No,Mid-Senior level,Contract
3898177207,RCM Data Analyst,Charlie Health,TN,"Nashville, TN",,No,Entry level,Full-time
3899511988,Data Analyst,GLDS,CA,"Carlsbad, CA",,Yes,,Full-time
3899516760,Data Analyst (Onsite role - only W2),SPECTRAFORCE,NJ,"Plainsboro, NJ",67600.0,No,Associate,Contract
3899520919,Senior Data Analyst,TekInvaderZ,Remote/Nationwide,United States,,Yes,,Contract
3899520930,Data Analyst,ZealoTech People,CA,"Irvine, CA",55120.0,No,Entry level,Contract
3899522302,Data Analyst,"Visium Resources, Inc.",CA,"Irvine, CA",56680.0,No,Associate,Contract
3899522533,Financial and Data Analyst – Regulatory Compliance,Evergy,MO,"Kansas City, MO",62250.0,No,Mid-Senior level,Full-time
3899523363,Lead Data Analyst,Ehub Global Inc,CO,"Denver, CO",,No,Mid-Senior level,Contract
3899527224,Data Analyst,PowerToFly,NY,"Purchase, NY",92525.0,No,,Full-time
3899527467,Data Analyst,Avant-garde Health,Other,Greater Boston,,No,Mid-Senior level,Full-time
3899528339,Alteryx Data Analyst ( W2 Contract,EA Team Inc,CA,"Manhattan Beach, CA",,Yes,,Contract
3899529161,Lead Data Analyst,RJC Group,VA,"Fairfax County, VA",156000.0,No,Mid-Senior level,Contract
3899534432,Data Analyst,"LanceSoft, Inc.",VA,"Richmond, VA",,No,Mid-Senior level,Contract
3899535180,"Data Analyst, Business Intelligence","HealthCare Partners, New York",NY,"Garden City, NY",100000.0,No,,Full-time
3899538732,Data Analyst,Russell Tobin,CA,"San Jose, CA",134160.0,No,Mid-Senior level,Contract
3899540515,Data Analyst,Numero Data,VA,"Herndon, VA",72500.0,No,Mid-Senior level,Contract
3899541036,Marketing and Sales Data Analyst - Only W2,Patton Labs Inc,MI,"Troy, MI",,Yes,,Contract
3899935022,Data Analyst,Brooksource,Remote/Nationwide,United States,,Yes,Associate,Contract
3900073395,Data Analyst,HRUCKUS,DC,"Washington, DC",103500.0,No,Mid-Senior level,Contract
3900080554,Data Analyst,Tata Consultancy Services,NC,"Charlotte, NC",,No,Entry level,Full-time
3900940786,Intermediate Data Analyst,MITRE,VA,"McLean, VA",,No,Entry level,Full-time
3900951436,Cloud Data Analyst ,Insight Global,Remote/Nationwide,United States,98800.0,Yes,Mid-Senior level,Contract
3900957963,Data Analyst,IBM,DC,"Washington, DC",109103.5,No,,Full-time
3900967031,Data Analyst,Ascendion,WA,"Seattle, WA",80500.0,No,Associate,Full-time
3900973074,Sustainability Data Analyst,UC San Diego,Remote/Nationwide,United States,,Yes,Associate,Temporary
3900980651,Data Analyst II/III,University of Mississippi,MS,"University, MS",,No,Mid-Senior level,Full-time
3900984477,Data Analyst,Epsilon,IL,"Chicago, IL",,No,Associate,Full-time
3900986317,Data Analyst,Epsilon,GA,"Atlanta, GA",,No,Associate,Full-time
3900988130,Data Analyst,Epsilon,TX,"Irving, TX",,No,Associate,Full-time
3901165719,Senior Data Analyst,Cyma Systems Inc,Remote/Nationwide,United States,,Yes,,Contract
3901166920,Data Analyst,Oshkosh Defense,SC,"Spartanburg, SC",,No,Entry level,Full-time
3901170582,Projects & Services Business Data Analyst Intern - Summer,"Eos Energy Enterprises, Inc.",Other,"New Jersey, United States",,No,Internship,Full-time
3901175507,IT Product Support Analyst/Data Analyst,Hirexa Solutions,KS,"Wichita, KS",,No,,Contract
3901346716,Clinical Data Analyst,Insight Global,FL,"Greater Orlando, FL",95680.0,No,Mid-Senior level,Contract
3901348764,Data Analyst,Sun Technologies,FL,"Orlando, FL",89440.0,No,,Contract
3901349965,Data Analyst,DataAnnotation,TX,"Plano, TX",,Yes,,Contract
3901358031,Data Analyst,DataAnnotation,Other,Salt Lake City Metropolitan Area,,Yes,,Contract
3901360108,Senior Data Analyst,Rocket Mortgage,MI,"Detroit, MI",,No,Mid-Senior level,Full-time
3901361348,Data Analyst,DataAnnotation,TX,"Irving, TX",,Yes,,Contract
3901361454,Senior Data Analyst - Cloud Solutions,MHK,FL,"Tampa, FL",,No,Mid-Senior level,Full-time
3901372744,Senior Data Analyst,MSRcosmos LLC,GA,"Alpharetta, GA",,Yes,,Full-time
3901373790,Data Analyst,SNVA Technologies,FL,"Juno Beach, FL",,No,,Contract
3901374122,Senior Data Analyst,Autodesk,CA,"San Francisco, CA",119050.0,No,,Full-time
3901376493,Data Analyst,DataAnnotation,Other,Greater Phoenix Area,,Yes,,Contract
3901376813,Data Analyst,Apex Systems,Other,Greater Cleveland,,No,Mid-Senior level,Full-time
3901377487,Data Analyst,DataAnnotation,Other,Greater Minneapolis-St. Paul Area,,Yes,,Contract
3901381028,Data Analyst,DataAnnotation,Other,Dallas-Fort Worth Metroplex,,Yes,,Contract
3901388643,Data Analyst,DataAnnotation,Other,Atlanta Metropolitan Area,,Yes,,Contract
3901388800,Data Analyst,DataAnnotation,Other,Los Angeles Metropolitan Area,,Yes,,Contract
3901389241,Data Analyst,DataAnnotation,Other,Greater Chicago Area,,Yes,,Contract
3901389257,Business Data Analyst,Catapult Solutions Group,CA,"San Diego, CA",133712.8,No,Mid-Senior level,Full-time
3901389262,Data Analyst,DataAnnotation,Other,Greater Boston,,Yes,,Contract
3901389371,Data Analyst,DataAnnotation,NY,"Brooklyn, NY",,Yes,,Contract
3901390524,Data Analyst,DataAnnotation,CA,"Long Beach, CA",,Yes,,Contract
3901391072,Data Analyst,DataAnnotation,VA,"Fairfax, VA",,Yes,,Contract
3901391155,Data Analyst (Workday Experience) ,BravoTECH,VA,"Richmond, VA",,No,Associate,Full-time
3901391187,Data Analyst,DataAnnotation,Other,Buffalo-Niagara Falls Area,,Yes,,Contract
3901392127,Data Analyst,DataAnnotation,Other,Omaha Metropolitan Area,,Yes,,Contract
3901392636,Data Analyst,DataAnnotation,VA,"Arlington, VA",,Yes,,Contract
3901393469,Data Analyst,DataAnnotation,Other,Greater Sacramento,,Yes,,Contract
3901393644,Data Analyst,DataAnnotation,CA,"Santa Clara, CA",,Yes,,Contract
3901393868,Marketing Data Analyst,"TSR Consulting Services, Inc.",FL,"Naples, FL",,No,Mid-Senior level,Full-time
3901394057,Data Scientist/Data Analyst,"Tentek, Inc.",FL,"Orlando, FL",175760.0,No,Mid-Senior level,Contract
3901395329,Data Analyst,DataAnnotation,CA,"Oakland, CA",,Yes,,Contract
3901457333,Data Analyst,Coders Data,FL,"Tampa, FL",,Yes,Entry level,Full-time
3901461025,Data Analyst,Coders Data,Other,San Francisco Bay Area,,Yes,Entry level,Full-time
3901470861,Senior Data Analyst,Flexton Inc.,Other,"Austin, Texas Metropolitan Area",114400.0,No,Mid-Senior level,Full-time
3901624928,Data Analyst,Carpe,NC,"Durham, NC",,No,,Full-time
3901631218,Data Analyst,Brightly,NC,"Cary, NC",,Yes,Entry level,Full-time
3901632468,Data Analyst,i2i Population Health,Other,"Tennessee, United States",,Yes,,Full-time
3901634997,IT Financial Management System and Data Analyst,Chenega Professional Services Strategic  Business Unit,Remote/Nationwide,United States,155000.0,Yes,Mid-Senior level,Full-time
3901647821,Sr. Data Analyst II (BI Associate),Flexton Inc.,Remote/Nationwide,United States,132256.8,Yes,Mid-Senior level,Contract
3901672579,Educational Data Analyst,100K Job Hunt,DC,"Washington, DC",,No,,Full-time
3901675598,Data Analyst,Unisys,VA,"Richmond, VA",,No,Mid-Senior level,Contract
3901681051,Data Analyst,SMX,FL,"Jacksonville, FL",,No,Entry level,Full-time
3901685711,Data Analyst,"Global Technical Talent, an Inc. 5000 Company",CA,"Alameda, CA",106225.6,No,Entry level,Contract
3901689367,Data Analyst,"Global Technical Talent, an Inc. 5000 Company",MN,"Inver Grove Heights, MN",,No,Entry level,Contract
3901694933,Senior Data Analyst,Selby Jennings,Remote/Nationwide,United States,,Yes,Mid-Senior level,Full-time
3901698224,Data Analyst-Tech Cons-Data and Anltcs-Data Governance and Ctrls-FSO-Manager-Multiple Postns-1499053,EY,NY,"New York, NY",168850.0,No,Mid-Senior level,Full-time
3901903592,Data Analyst,DataAnnotation,CA,"Fremont, CA",,Yes,,Contract
3901935948,Data Analyst,HTC Global Services,FL,"Orlando, FL",,No,Mid-Senior level,Full-time
3901936781,Loans Transformation Data Analyst,Cybotic System,Other,New York City Metropolitan Area,,No,,Contract
3901937219,Data Analyst,DataAnnotation,CA,"San Jose, CA",,Yes,,Contract
3901937364,Data Analyst,DataAnnotation,Other,Greater Houston,,Yes,,Contract
3901937686,Data Analyst,DataAnnotation,Other,Raleigh-Durham-Chapel Hill Area,,Yes,,Contract
3901937718,Data Analyst,DataAnnotation,Other,"San Antonio, Texas Metropolitan Area",,Yes,,Contract
3901937792,Data Analyst,DataAnnotation,Other,Huntsville-Decatur-Albertville Area,,Yes,,Contract
3901937798,Data Analyst Intern,Aroris,MN,"Minneapolis, MN",,No,,Full-time
3901938326,"Sr Data Analyst - W2 - 12 Months - Sunnyvale, CA or New York, NY or Hoboken, NJ / 2 days/week onsite",Advent Global Solutions,Other,New York City Metropolitan Area,,No,,Contract
3901938642,Data Analyst,DataAnnotation,VA,"Richmond, VA",,Yes,,Contract
3901939552,Data Analyst,DataAnnotation,Other,San Diego Metropolitan Area,,Yes,,Contract
3901940943,Product Data Analyst,The Gunter Group,Other,"Portland, Oregon Metropolitan Area",110000.0,No,Mid-Senior level,Full-time
3901941046,Data Analyst,DataAnnotation,TX,"Arlington, TX",,Yes,,Contract
3901941238,Data Analyst (Visual Basic Application) ,Gainwell Technologies,NJ,"Hamilton, NJ",84300.0,No,,Full-time
3901941571,Data Analyst,DataAnnotation,CA,"Sunnyvale, CA",,Yes,,Contract
3901941930,Business Data Analyst,Allied Universal,TN,"Nashville, TN",,No,Mid-Senior level,Full-time
3901942334,Data Analyst,DataAnnotation,Other,"Austin, Texas Metropolitan Area",,Yes,,Contract
3901942346,Data Analyst,DataAnnotation,Other,Greensboro--Winston-Salem--High Point Area,,Yes,,Contract
3901942350,Data Analyst,DataAnnotation,Other,Greater Tampa Bay Area,,Yes,,Contract
3901943428,Data Analyst,DataAnnotation,Other,Washington DC-Baltimore Area,,Yes,,Contract
3901943542,Senior Data Analyst,Bernhard,LA,"Metairie, LA",,No,Mid-Senior level,Full-time
3901945059,Data Analyst,DataAnnotation,Other,Greater Pittsburgh Region,,Yes,,Contract
3901945569,Junior Business Data Analyst,DHL Supply Chain,PA,"Mechanicsburg, PA",,No,Entry level,Full-time
3901950460,Data Analyst,Emeritus,Remote/Nationwide,United States,90000.0,Yes,Associate,Full-time
3901950666,Product Data Analyst,CARFAX,VA,"Centreville, VA",,No,Entry level,Full-time
3901956951,Data Analyst (Entry Level),Select Source International,NJ,"Trenton, NJ",,No,,Contract
3901957457,Contract Business Systems Data Analyst (Treasury focus),Vaco,NC,"Raleigh, NC",150800.0,Yes,Mid-Senior level,Contract
3901992101,Data Analyst,CARFAX,VA,"Centreville, VA",,No,Entry level,Full-time
3902304004,Data Analyst,TekJobs,Remote/Nationwide,United States,,Yes,,Full-time
3902338568,Data Analyst,"Paramount Software Solutions, Inc",WA,"Seattle, WA",,No,,Contract
3902340477,Data Analyst-NY,ATC,Other,"New York, United States",,No,Entry level,Full-time
3902340711,Data Analyst,Randstad Digital,GA,"Atlanta, GA",47840.0,No,Associate,Contract
3902341448,Data Analyst-WA,ATC,Other,"Washington, United States",,No,Entry level,Full-time
3902343176,Data Analyst-CA,ATC,Other,"California, United States",,No,Entry level,Full-time
3902343179,Data Analyst-IL,ATC,Other,"Illinois, United States",,No,Entry level,Full-time
3902343817,Digital Media Data Analyst,Gupta Media,Other,Greater Boston,,No,Entry level,Full-time
3902344156,Data Analyst-VA,ATC,Other,"Virginia, United States",,No,Entry level,Full-time
3902345121,Data Analyst-Tx,ATC,Other,"Texas, United States",,No,Entry level,Full-time
3902351871,Data Analyst III (Onsite - Only W2/No C2C),Select Source International,AZ,"Phoenix, AZ",,No,,Contract
3902358747,Sr. Operations Data Analyst - Provider - (SAS Required) - Remote,EmblemHealth,NY,"New York, NY",86500.0,Yes,Mid-Senior level,Full-time
3902359059,IT Team Lead / Sr. Servicing Product Owner / Sr. SQL Data Analyst  (Onsite Required) ,CGS Business Solutions | INC 5000 Company,CA,"Anaheim, CA",122500.0,No,Mid-Senior level,Full-time
3902360792,Data Analyst,Kelly,SC,"Columbia, SC",61880.0,No,Associate,Contract
3902366146,Tibco Spotfire Data Analyst,CodeForce 360,OH,"Cincinnati, OH",,No,,Contract
3902367164,NMC_000221 - Data Analyst (W2),New Millenium Consulting,TX,"Plano, TX",67600.0,No,Mid-Senior level,Contract
3902371309,Senior Data Analyst- Scientist,Insight Global,Remote/Nationwide,United States,104000.0,Yes,Mid-Senior level,Full-time
3902732774,Program Data Analyst,Pattern Data,Remote/Nationwide,United States,,Yes,Entry level,Full-time
3902735179,Sr. Healthcare Data Analyst,Vail Health,Remote/Nationwide,United States,109465.93,Yes,,Full-time
3902752575,Senior Data Analyst,Navan,CA,"Palo Alto, CA",164500.0,No,Mid-Senior level,Full-time
3902755168,Marketing Data Analyst,SAP,TX,"Plano, TX",222650.0,No,,Full-time
3902762306,Senior Data Analyst,In Technology Group Inc (US),Remote/Nationwide,United States,,Yes,Mid-Senior level,Full-time
3902786822,Technical Data Analyst,Talent Groups,MA,"Milford, MA",,No,Entry level,Full-time
3902802384,Data Analyst,Carallel,Remote/Nationwide,United States,87500.0,Yes,,Full-time
3902802811,Associate Data Analyst,Zest AI,Remote/Nationwide,United States,75000.0,Yes,Entry level,Full-time
3902802826,Master Data Analyst,Korn Ferry,TX,"Houston, TX",88400.0,No,Mid-Senior level,Full-time
3902830453,Master Data Analyst,BCforward,Remote/Nationwide,United States,,Yes,,Contract
3902833722,Reporting and Data Analyst,Ventegra,Remote/Nationwide,United States,72800.0,Yes,,Full-time
3902834332,Business Data Analyst- (Full Time/10+year exp*),"Q1 Technologies, Inc.",CA,"Sunnyvale, CA",,No,,Full-time
3902837747,Financial Data Analyst,RSM US LLP,MN,"Minneapolis, MN",85550.0,No,,Full-time
3902838978,Business Data Analyst,Piper Companies,VA,"McLean, VA",93600.0,No,Mid-Senior level,Full-time
3902839989,Business Data Analyst II,DHL Supply Chain,NJ,"Bordentown, NJ",,No,Associate,Full-time
3902858470,Data Analyst,E-IT,NC,"Charlotte, NC",,No,,Contract
3902863970,Data Analyst - Marketing Development,WTW,UT,"Salt Lake City, UT",,No,Entry level,Full-time
3902865990,Data Analyst (BANKING DOMAIN ONLY),Fixity Technologies,NJ,"Jersey City, NJ",109200.0,No,,Contract
3902866592,Data Analyst,Dexian,NY,"Getzville, NY",81120.0,No,,Contract
3902866672,Data Analyst - Remote,ICF,VA,"Reston, VA",,Yes,Entry level,Full-time
3902870023,Senior Data Analyst (Only Locals to California will be considered),Alpha Net,CA,"Fremont, CA",,No,,Contract
3902873579,Data Analyst,USCTEK - Recruiting & Staffing,Remote/Nationwide,United States,,Yes,,Full-time
3902906828,Data Analyst,,VA,"Arlington, VA",,No,,Full-time
3902937754,Research Data Analyst,The Johns Hopkins University,MD,"Baltimore, MD",61150.0,No,Mid-Senior level,Part-time
3902938559,Research Data Analyst,The Johns Hopkins University,MD,"Baltimore, MD",,No,Mid-Senior level,Full-time
3902948256,Senior Data Analyst,Adaptavist,Remote/Nationwide,United States,,Yes,Mid-Senior level,Full-time
3903424992,Business Data Analyst,Collabera,VA,"Richmond, VA",,No,Mid-Senior level,Contract
3903426725,Data Analyst I (Onsite),DP Professionals (DPP),SC,"Columbia, SC",,No,Mid-Senior level,Contract
3903441763,Data Analyst (W2 Only),"Triunity Software, Inc. ",Remote/Nationwide,United States,,Yes,Mid-Senior level,Contract
3903443496,Data Analyst,Akkodis,OH,"Akron, OH",135200.0,Yes,Mid-Senior level,Contract
3903444383,Data Analyst,ClarisHealth,Remote/Nationwide,United States,,Yes,Mid-Senior level,Full-time
3903444746,Junior Data Analyst,Gypsum Management and Supply,GA,"Tucker, GA",,No,Entry level,Full-time
3903448251,Transformation Data Analyst - Financial Services,"TSR Consulting Services, Inc.",NY,"New York, NY",175760.0,No,Mid-Senior level,Contract
3903450989,Data Analyst,Straight Arrow News,Remote/Nationwide,United States,115000.0,Yes,Associate,Full-time
3903454414,Senior Data Analyst,"Groundswell, Inc.",Other,Washington DC-Baltimore Area,85000.0,No,Mid-Senior level,Full-time
3903454514,Data Analyst,EPITEC,IL,"Chicago, IL",146640.0,No,Mid-Senior level,Contract
3903457330,Data Analyst (Only W2),Systellar Technologies,FL,"Juno Beach, FL",,No,,Contract
3903461431,Sr. Data Analyst,INSPYR Solutions,FL,"Deerfield Beach, FL",145600.0,No,Mid-Senior level,Full-time
3903468188,Data Analyst,Hotwire Communications Ltd,NC,"Raleigh, NC",,No,Entry level,Full-time
3903469466,Data Analyst,NMR Consulting,AL,"Huntsville, AL",85000.0,No,Associate,Full-time
3903473732,"Intern, Data Analyst (Projects) IOAO Supply Chain",Viatris,Remote/Nationwide,United States,52000.0,Yes,Internship,Full-time
3903477932,Catalog Data Analyst - Heavy Duty,MANN+HUMMEL,NC,"Gastonia, NC",,No,Associate,Full-time
3903478606,Marketing Data Analyst,AAA Club Alliance,DE,"Wilmington, DE",,No,Associate,Full-time
3903483983,Loans Transformation Data Analyst,Collabera,NY,"New York, NY",,No,Entry level,Contract
3903485883,Sr. Provider Data Analyst ( 100% Remote),"LanceSoft, Inc.",Remote/Nationwide,United States,,Yes,,Full-time
3903802602,Data Analyst Strategist & Technology Engineer,Stearns Bank N.A.,Remote/Nationwide,United States,130000.0,Yes,Mid-Senior level,Full-time
3903814368,Data Analyst,Flock Safety,Remote/Nationwide,United States,127500.0,Yes,Entry level,Full-time
3903826753,ArcGIS Data Analyst,CACI International Inc,VA,"Charlottesville, VA",115650.0,No,Entry level,Full-time
3903832397,Data Analyst - Python/AWS (W2) (REMOTE),Quess US,Remote/Nationwide,United States,98800.0,Yes,Mid-Senior level,Contract
3903838584,Financial Data Analyst,Kiewit,NE,"Omaha, NE",,No,Mid-Senior level,Full-time
3903845813,Junior Data Analyst,Intelliswift Software,TX,"Plano, TX",,No,,Contract
3903848583,Data Analyst,Genpact,Other,"San Antonio, Texas Metropolitan Area",,No,Mid-Senior level,Full-time
3903876022,SaaS Data Analyst,SymphonyAI,CO,"Englewood, CO",,No,Entry level,Full-time
3904058563,Business Data Analyst,Culligan International,IL,"Rosemont, IL",,No,Mid-Senior level,Full-time
3904362210,BI Data Analyst - AWS QuickSight,Dice,AZ,"Tempe, AZ",,No,Mid-Senior level,Full-time
3904363999,"Senior Data Analyst, Pricing",Paysafe,FL,"Jacksonville, FL",,No,,Full-time
3904380768,Data Analyst,Chenega MIOS SBU,VA,"Alexandria, VA",,No,Entry level,Full-time
3904383795,Sr Data Analyst,Northwestern Mutual,WI,"Franklin, WI",107400.0,No,Mid-Senior level,Full-time
3904386707,Senior Data Analyst,SAE International,PA,"Warrendale, PA",,No,Mid-Senior level,Full-time
3904388514,Data Analyst,Health Care Service Corporation,TX,"Richardson, TX",,No,,Full-time
3904388641,Data Analyst- Business Intelligence,Unified Women's Healthcare,Other,"Florida, United States",,Yes,,Full-time
3904389545,Data Analyst,Coders Data,Other,New York City Metropolitan Area,,Yes,Entry level,Full-time
3904394509,Entry Level Data Analyst,CCS Global Tech,CA,"San Diego, CA",,No,Entry level,Full-time
3904406011,Business Data Analyst III :24-01044,"Akraya, Inc.",CA,"San Diego, CA",,No,Mid-Senior level,Full-time
3904413403,"Sr. Data Analyst, Programmatic Advertising",PulsePoint,NJ,"Newark, NJ",,No,Mid-Senior level,Full-time
3904419744,Senior BI and Data Analyst,Novo Nordisk,NJ,"Plainsboro, NJ",,No,,Full-time
3904426048,Senior Data Analyst,EnergyHub,Remote/Nationwide,United States,,Yes,Mid-Senior level,Full-time
3904507677,Data Analyst – Banking ,Genpact,FL,"Tampa, FL",115000.0,No,Mid-Senior level,Full-time
3904508686,Senior Data Analyst for Growth,Tide Cleaners,OH,"Cincinnati, OH",100000.0,No,,Full-time
3904510164,Data Analyst,Open Systems Technologies,NY,"New York, NY",99840.0,No,Entry level,Contract
3904708709,Data Analyst 1,Aditi Consulting,TX,"Plano, TX",,No,Mid-Senior level,Full-time
3904711201,"Data Analyst, Marketing",Crum & Forster,CT,"Glastonbury, CT",90650.0,No,Entry level,Full-time
3904712149,"Data Analyst, Operations",Crum & Forster,CT,"Glastonbury, CT",90650.0,No,Entry level,Full-time
3904714725,Data Analyst - Office of Institutional Research & Analysis,Washington University in St. Louis,MO,"St Louis, MO",87600.0,No,Entry level,Full-time
3904716857,ACH Data Analyst,Global Payments Inc.,OK,"Oklahoma City, OK",,Yes,Entry level,Full-time
3904723449,Data Analyst (AVP Position),MUFG,FL,"Tampa, FL",112500.0,No,Entry level,Full-time
3904740018,Business Data Analyst,Infogain,AR,"Springdale, AR",88400.0,No,Entry level,Contract
3904919938,Data Analyst/Workstation Support,Revolution Technologies,SC,"Columbia, SC",,No,Associate,Full-time
3904922248,Data Analyst,AbbVie,IL,"Mettawa, IL",,No,Entry level,Full-time
3904932499,Business Data Analyst,Rose International,CA,"San Diego, CA",124800.0,No,Mid-Senior level,Temporary
3904938280,Senior Data Analyst,AT&T,TX,"Dallas, TX",165450.0,No,,Full-time
3904939986,Online Data Analyst,TELUS International,VT,"Bennington, VT",,Yes,Entry level,Part-time
3904941170,Online Data Analyst,TELUS International,TX,"Garland, TX",,Yes,Entry level,Part-time
3904941287,Master Data Analyst,GlobalSource IT,Other,Greater Minneapolis-St. Paul Area,,No,Associate,Contract
3904941546,Online Data Analyst,TELUS International,Other,"Vermont, United States",,Yes,Entry level,Part-time
3904941769,Data Analyst with Security Clearance,ClearanceJobs,VA,"Quantico, VA",,No,Entry level,Full-time
3904942066,Online Data Analyst,TELUS International,Other,"Texas, United States",,Yes,Entry level,Part-time
3904942700,Online Data Analyst,TELUS International,VT,"Manchester, VT",,Yes,Entry level,Part-time
3904944214,Online Data Analyst,TELUS International,TX,"Brownsville, TX",,Yes,Entry level,Part-time
3904944509,Online Data Analyst,TELUS International,VT,"Stowe, VT",,Yes,Entry level,Part-time
3904945174,Online Data Analyst,TELUS International,TX,"Carrollton, TX",,Yes,Entry level,Part-time
3904946022,Online Data Analyst,TELUS International,TX,"College Station, TX",,Yes,Entry level,Part-time
3904946063,Online Data Analyst,TELUS International,TX,"Beaumont, TX",,Yes,Entry level,Part-time
3904947286,Data Analyst Supporting the FBI with Security Clearance,ClearanceJobs,DC,"Washington, DC",,No,Entry level,Full-time
3904947318,Online Data Analyst,TELUS International,VT,"Killington, VT",,Yes,Entry level,Part-time
3904949054,Data Analyst,Apex Systems,VA,"Richmond, VA",,No,Entry level,Full-time
3904954410,Property & Casualty Insurance - Senior Data Analyst,Verisk,NJ,"Jersey City, NJ",,No,Mid-Senior level,Full-time
3904955114,Cross Asset Market Data Analyst,ICE,GA,"Atlanta, GA",,No,,Full-time
3904955466,Data Analyst,DataAnnotation,Other,Denver Metropolitan Area,,Yes,,Contract
3904956283,Business Data Analyst - Loans Transformation,Motion Recruitment,NY,"New York, NY",,No,Mid-Senior level,Contract
3904957834,Data Analyst,Coders Data,Other,New York City Metropolitan Area,,Yes,Entry level,Full-time
3904959397,Data Analyst/Project Manager,Mitchell Martin Inc.,Other,"New York, United States",,No,Mid-Senior level,Contract
3904964385,Data Analyst,Matrix Finance and Accounting,WA,"Bellevue, WA",104000.0,No,Mid-Senior level,Contract
3904966260,Data Analyst,DataAnnotation,Other,Greater Orlando,,Yes,,Contract
3904966927,Data Analyst,Altum Solutions,Other,"Columbia, South Carolina Metropolitan Area",68640.0,No,Mid-Senior level,Contract
3904967740,Data Analyst,DataAnnotation,Other,New York City Metropolitan Area,,Yes,,Contract
3904978968,Data Analyst,Cornerstone Building Brands,MO,"Kearney, MO",90000.0,Yes,Associate,Full-time
3904987065,Data Analyst,Amtex Systems Inc.,FL,"Juno Beach, FL",,No,Mid-Senior level,Full-time
3904987798,Senior Research Data Analyst-DBH,State of Missouri,MO,"Jefferson City, MO",,No,Mid-Senior level,Full-time
3904991267,Data Analyst - Programmer (Department of Translational Medicine and Human Genetics),University of Pennsylvania,PA,"Philadelphia, PA",62702.5,No,Entry level,Full-time
3904997631,Tableau Data Analyst - PowerBI and SharePoint,"BAE Systems, Inc.",VA,"Sterling, VA",124575.0,No,Entry level,Part-time
3905236036,Data Analyst,Motion Recruitment,PA,"Audubon, PA",,Yes,Entry level,Contract
3905249511,Sr. Data Analyst,Beyondsoft,Remote/Nationwide,United States,,Yes,Mid-Senior level,Full-time
3905253775,Loans Transformation Data Analyst,Rose International,NY,"New York, NY",176800.0,No,Mid-Senior level,Temporary
3905289164,Sr. Staff Data Analyst - Marketing Analytics,Achieve,Other,"Arizona, United States",167500.0,Yes,Mid-Senior level,Full-time
3905294630,Junior Data Analyst,Coders Data,Remote/Nationwide,United States,,Yes,Entry level,Full-time
3905300706,Senior SAP Data Analyst (No corp to Corp),Bayforce,Other,Greater Chicago Area,,No,Mid-Senior level,Contract
3905302427,Data Analyst / Technical Writer 3 - Top Secret Clearance,AMERICAN SYSTEMS,VA,"Fredericksburg, VA",,No,Mid-Senior level,Full-time
3905306415,Loan Transformation Data Analyst ,Confidential,FL,"Tampa, FL",156000.0,No,Mid-Senior level,Contract
3905311477,Data Analyst,Gravity IT Resources,FL,"Juno Beach, FL",72800.0,No,Mid-Senior level,Contract
3905325835,Senior Data Analyst,Veeam Software,GA,"Alpharetta, GA",122850.0,Yes,Mid-Senior level,Contract
3905329594,Financial Data Analyst,Cyber Guardian Threat Solutions LLC,VA,"Arlington, VA",95000.0,No,,Full-time
3905331454,Information Technology Data Analyst II - Professional Development,CHRISTUS Health,TX,"Irving, TX",,No,,Full-time
3905333996,"Data Analyst, Research Solutions",Truveta,Other,Greater Seattle Area,125000.0,Yes,Mid-Senior level,Full-time
3905335040,SR BI DATA ANALYST,Lakeview,FL,"Coral Gables, FL",,No,Mid-Senior level,Full-time
3905344807,"Data Analyst - Consumer Analytics - Hybrid in Dallas,  TX","Softworld, a Kelly Company",TX,"Dallas, TX",136520.80000000002,No,Mid-Senior level,Contract
3905364674,Research Data Analyst,"University of California, San Francisco",CA,"San Francisco, CA",,No,,Full-time
3905392660,Financial Data Analyst,Keurig Dr Pepper Inc.,TX,"Frisco, TX",,No,,Full-time
3905648923,Senior Data Analyst,EnergyHub,Remote/Nationwide,United States,135000.0,Yes,Mid-Senior level,Full-time
3905660585,Data Analyst IV (Remote),Talentify.io,Remote/Nationwide,United States,120000.0,Yes,Mid-Senior level,Full-time
3905663050,Senior Compensation & People Data Analyst,Rippling,TX,"Austin, TX",128500.0,No,Mid-Senior level,Full-time
3905696107,"Manager DD&I, Data Analyst Clinical Operations",BioNTech SE,MA,"Cambridge, MA",,No,Mid-Senior level,Full-time
3905815815,Lead Marketing Data Analyst,Plymouth Rock Assurance,NJ,"Woodbridge, NJ",,No,Mid-Senior level,Full-time
3905823968,Master Data Analyst,Carnival Corporation,Other,Miami-Fort Lauderdale Area,,No,Associate,Full-time
3905842941,Sr Data Analyst,Solü Technology Partners,AZ,"Phoenix, AZ",95000.0,No,Mid-Senior level,Contract
3905843043,Lead Data Analyst,Marathon Health,VT,"Burlington, VT",,Yes,,Full-time
3905849167,"Data Analyst II (W2 Role, Only for locals to CA)",SPECTRAFORCE,CA,"Rialto, CA",,No,Associate,Contract
3905854687,Data Analyst (Junior),Lexical Intelligence,Other,Washington DC-Baltimore Area,70000.0,No,,Full-time
3905855625,Online Data Analyst | Work From Home,TELUS International AI Data Solutions,Other,"North Carolina, United States",,Yes,Entry level,Part-time
3905860144,Junior Data Analyst,Coders Data,Remote/Nationwide,United States,77500.0,Yes,Entry level,Full-time
3905860739,Master Data Analyst,Revolution Technologies,MO,"Creve Coeur, MO",89440.0,No,Entry level,Contract
3905862977,SAP Data Analyst,Bayforce,IL,"Mundelein, IL",,No,Mid-Senior level,Contract
3905865983,Business Data Analyst - Loans,Motion Recruitment,NY,"New York, NY",,No,Mid-Senior level,Contract
3905871979,Lead Marketing Data Analyst,Plymouth Rock Assurance,NJ,"Woodbridge, NJ",,No,Mid-Senior level,Full-time
3905874161,Data Analyst,Aquarius Professional Staffing,IN,"Indianapolis, IN",,No,Mid-Senior level,Contract
3905877360,Energy Policy & Data Analyst,Sunnova Energy,Remote/Nationwide,United States,100000.0,Yes,Entry level,Full-time
3905885146,Data Analyst: 24-00481,RSC Solutions,TX,"Plano, TX",,No,Entry level,Full-time
3905885194,Business Data Analyst,Dice,OR,"Portland, OR",,No,Mid-Senior level,Full-time
3905886092,"SAP Data Analyst, MN/Remote - Direct Client",Dice,MN,"Maplewood, MN",,No,Entry level,Full-time
3906075814,Data Analyst or Data Product Manager (Native US Citizens Only),Info Way Solutions,TX,"Austin, TX",119600.0,No,Mid-Senior level,Contract
3906091847,Data Analyst,Vertisystem,Other,"Pennsylvania, United States",85280.0,Yes,Mid-Senior level,Contract
3906096020,Data Analyst,Infojini Inc,SC,"Greenville, SC",,No,Associate,Contract
3906225726,Senior Healthcare Data Analyst,Medica,Remote/Nationwide,United States,91100.0,Yes,Mid-Senior level,Full-time
3906227596,Data Analyst | Power BI (Remote),Trace3,CA,"Irvine, CA",125050.0,Yes,Mid-Senior level,Full-time
3906227684,Data Analyst (contract),Wells Fargo,NC,"Charlotte, NC",,No,Mid-Senior level,Contract
3906230754,Data Analyst,PrimePay,PA,"West Chester, PA",70000.0,Yes,Entry level,Full-time
3906246968,Data Analyst,Cisco Meraki,Remote/Nationwide,United States,,Yes,Entry level,Full-time
3906249532,Data Analyst,orangepeople,FL,"Orlando, FL",179920.0,No,Mid-Senior level,Contract
3906251726,Data Analyst II - Staff Credentialing,CHRISTUS Health,TX,"Irving, TX",,No,,Full-time
3906254796,Senior Data Analyst,Huntress,Remote/Nationwide,United States,130000.0,Yes,Mid-Senior level,Full-time
